Player Name,2008,2009,2010,2011,2012,2013,2014,2015,2016,2017,2018,2019,2020,2021,2022,2023,2024,2025
Kane Williamson,,,,,,,,SRH,SRH,SRH,SRH,SRH,SRH,SRH,SRH,GT,GT,
Umesh Yadav,,,DC,DC,DC,DC,KKR,KKR,KKR,KKR,RCB,RCB,RCB,DC,KKR,KKR,GT,
Gurnoor Singh Brar,,,,,,,,,,,,,,,,PK,,GT
BR Sharath,,,,,,,,,,,,,,,,,GT,
Nishant Sindhu,,,,,,,,,,,,,,,,CSK,CSK,GT
Karim Janat,,,,,,,,,,,,,,,,,,GT
Dasun shanaka,,,,,,,,,,,,,,,,GT,,
Lockie Ferguson,,,,,,,,,,,,KKR,KKR,KKR,GT,KKR,RCB,PK
Shubman Gill,,,,,,,,,,,KKR,KKR,KKR,KKR,GT,GT,GT,GT
Dominic Drakes,,,,,,,,,,,,,,CSK,GT,,,
Pradeep Sangwan,DC,DC,DC,KKR,KKR,KKR,,,,,MI,,,,GT,GT,,
Prasidh Krishna,,,,,,,,,,,KKR,KKR,KKR,KKR,RR,RR,,GT
Shivam Mavi,,,,,,,,,,,KKR,,KKR,KKR,KKR,GT,LSG,
Abhinav Manohar,,,,,,,,,,,,,,,GT,GT,GT,SRH
Shahrukh Khan,,,,,,,,,,,,,,PK,PK,PK,GT,GT
Odean Smith,,,,,,,,,,,,,,,PK,GT,,
Rahmanullah Gurbaz,,,,,,,,,,,,,,,GT,KKR,KKR,KKR
Gurkeerat Mann Singh,,,,,PK,PK,PK,PK,PK,PK,DC,RCB,RCB,KKR,GT,,,
Sai Kishore,,,,,,,,,,,,,CSK,CSK,GT,GT,GT,GT
Gurnoor Brar,,,,,,,,,,,,,,,,,GT,
Matthew Wade,,,,DC,,,,,,,,,,,GT,GT,GT,
Noor Ahmad,,,,,,,,,,,,,,,GT,GT,GT,CSK
Azmatullah Omarzai,,,,,,,,,,,,,,,,,GT,PK
Washington Sundar,,,,,,,,,,,RCB,RCB,RCB,RCB,SRH,SRH,SRH,GT
K.S Bharat,,,,,,,,DC,,,,,,RCB,DC,GT,KKR,
Glenn Phillips,,,,,,,,,,,,,,RR,SRH,SRH,SRH,GT
Yash Dayal,,,,,,,,,,,,,,,GT,GT,RCB,RCB
Vijay Shankar,,,,,,CSK,CSK,,SRH,SRH,DC,SRH,SRH,SRH,GT,GT,GT,CSK
Kulwant Khejroliya,,,,,,,,,,MI,RCB,RCB,,DC,,KKR,,GT
Kumar Kushagra,,,,,,,,,,,,,,,,,DC,GT
Mohammed Shami,,,,KKR,KKR,KKR,DC,DC,DC,DC,DC,PK,PK,PK,GT,GT,GT,SRH
Sai Sudharsan,,,,,,,,,,,,,,,GT,GT,GT,GT
Sandeep Warrier,,,,,,RCB,RCB,RCB,,,,KKR,KKR,KKR,,MI,GT,
Spencer Johnson,,,,,,,,,,,,,,,,,GT,KKR
Joshua Little,,,,,,,,,,,,,,,,GT,GT,
Rahul Tewatia,,,,,,,RR,RR,,PK,DC,DC,RR,RR,GT,GT,GT,GT
Hardik Pandya,,,,,,,,MI,MI,MI,MI,MI,MI,MI,GT,GT,MI,MI
Sushant Mishra,,,,,,,,,,,,,,,,,GT,
Urvil Patel,,,,,,,,,,,,,,,,GT,,
David Miller,,,,PK,PK,PK,PK,PK,PK,PK,PK,PK,RR,RR,GT,GT,GT,LSG
Gerald Coetzee,,,,,,,,,,,,,,,,,MI,GT
Alzarri Joseph,,,,,,,,,,,,MI,,,GT,GT,RCB,
Darshan Nalkande,,,,,,,,,,,,PK,PK,PK,GT,GT,GT,DC
Rashid Khan,,,,,,,,,,SRH,SRH,SRH,SRH,SRH,GT,GT,GT,GT
Kartik Tyagi,,,,,,,,,,,,,RR,RR,SRH,SRH,GT,
Jayant Yadav,,,,,,,DC,DC,DC,DC,DC,MI,MI,MI,GT,GT,GT,GT
Manav Suthar,,,,,,,,,,,,,,,,,GT,GT
Anuj Rawat,,,,,,,,,,,,,RR,RR,RCB,RCB,RCB,GT
Wriddhiman Saha,KKR,KKR,KKR,CSK,CSK,CSK,PK,PK,PK,PK,SRH,SRH,SRH,SRH,GT,GT,GT,
Sherfane Rutherford,,,,,,,,,,,,DC,MI,SRH,RCB,,KKR,GT
Arshad Khan,,,,,,,,,,,,,,,MI,MI,LSG,GT
Kagiso Rabada,,,,,,,,,,DC,,DC,DC,DC,PK,PK,PK,GT
Mohammed Siraj,,,,,,,,,,SRH,RCB,RCB,RCB,RCB,RCB,RCB,RCB,GT
Ishant Sharma,KKR,KKR,KKR,,,SRH,SRH,SRH,,PK,,DC,DC,DC,,DC,DC,GT
Varun Aaron,,,KKR,DC,DC,DC,RCB,RCB,RCB,PK,,RR,RR,,GT,,,
Mahipal Lomror,,,,,,,,,DC,,RR,RR,RR,RR,RCB,RCB,RCB,GT
Mohit Sharma,,,,,,CSK,CSK,CSK,PK,PK,PK,CSK,DC,,,GT,GT,DC
Jos Buttler,,,,,,,,,MI,MI,RR,RR,RR,RR,RR,RR,RR,GT
Rinku Singh,,,,,,,,,,PK,KKR,KKR,KKR,,KKR,KKR,KKR,KKR
Arshdeep Singh,,,,,,,,,,,,PK,PK,PK,PK,PK,PK,PK
Hardus Viljoen,,,,,,,,,,,,PK,PK,,,,,
Rajagopal Sathish,,,MI,MI,PK,PK,,,KKR,,,,,,,,,
Dinesh Karthik,DC,DC,DC,PK,MI,MI,DC,RCB,,,KKR,KKR,KKR,KKR,RCB,RCB,RCB,
Karanveer Singh,,,,,,,PK,PK,,,,,,,,,,
Ravichandran Ashwin,CSK,CSK,CSK,CSK,CSK,CSK,CSK,CSK,,,PK,PK,DC,DC,RR,RR,RR,CSK
Ishan Porel,,,,,,,,,,,,,PK,PK,PK,,,
Jimmy Neesham,,,,,,,DC,KKR,,,,,PK,MI,,,,
Fabian Allen,,,,,,,,,,,,,SRH,PK,MI,,,
David Hussey,KKR,KKR,KKR,PK,PK,PK,CSK,,,,,,,,,,,
Mitchell Johnson,,,,,,MI,PK,PK,PK,MI,KKR,,,,,,,
Atharva Taide,,,,,,,,,,,,,,,PK,PK,PK,SRH
Vishwanath Pratap Singh,,,,,,,,,,,,,,,,,PK,
Azhar Mahmood,,,,,PK,PK,,KKR,,,,,,,,,,
Kyle Abbott,,,,,PK,,,CSK,PK,,,,,,,,,
Nikhil Naik,,,,,,,,PK,PK,PK,,KKR,KKR,,,,,
Sandeep Sharma,,,,,,PK,PK,PK,PK,PK,SRH,SRH,SRH,SRH,PK,RR,RR,RR
Dimitri Mascarenhas,RR,,RR,PK,PK,PK,,,,,,,,,,,,
Eoin Morgan,,,RCB,KKR,KKR,KKR,,SRH,SRH,PK,,,KKR,KKR,,,,
Praveen Kumar,RCB,RCB,RCB,PK,PK,PK,MI,SRH,,,,,,,,,,
Ravi Bopara,,PK,PK,,,,,SRH,,,,,,,,,,
Yuzvendra Chahal,,,,MI,MI,,RCB,RCB,RCB,RCB,RCB,RCB,RCB,RCB,RR,RR,RR,PK
Aniket Choudhary,,,,,,PK,,,,RCB,RCB,,,,,,,
Martin Guptill,,,,,,,,,MI,PK,,SRH,,,,,,
Akshdeep Nath,,,,,,,,,,,PK,RCB,,,,,,
Karun Nair,,,,,RCB,RCB,RR,RR,DC,DC,PK,PK,PK,KKR,RR,LSG,,DC
Agnivesh Ayachi,,,,,,,,,,,,PK,,,,,,
Ryan Ninan,,PK,,RCB,RCB,,,,,,,,,,,,,
Varun Chakaravarthy,,,,,,,,,,,,PK,KKR,KKR,KKR,KKR,KKR,KKR
Vaibhav Arora,,,,,,,,,,,,,,KKR,PK,KKR,KKR,KKR
Mayank Dagar,,,,,,,,,,,PK,,,,,SRH,RCB,
Shaun Marsh,PK,PK,PK,PK,PK,PK,PK,PK,PK,PK,,,,,,,,
Marco Jansen,,,,,,,,,,,,,,MI,SRH,SRH,SRH,PK
Mohammad Kaif,RR,,PK,RCB,RCB,,,,,,,,,,,,,
Chris Gayle,KKR,KKR,KKR,RCB,RCB,RCB,RCB,RCB,RCB,RCB,PK,PK,PK,PK,,,,
Juan Theron,,,PK,,,,,RR,,,,,,,,,,
Shashank Singh,,,,,,,,,,DC,,RR,RR,,SRH,,PK,PK
Sarfaraz Khan,,,,,,,,RCB,RCB,,RCB,PK,PK,PK,DC,DC,,
Deepak Hooda,,,,,,,RR,RR,SRH,SRH,SRH,SRH,PK,PK,LSG,LSG,LSG,CSK
Sikandar Raza,,,,,,,,,,,,,,,,PK,PK,
Pyla Avinash,,,,,,,,,,,,,,,,,,PK
Vishnu Vinod,,,,,,,,,,RCB,,,,DC,SRH,MI,MI,PK
Vidwath Kaverappa,,,,,,,,,,,,,,,,PK,PK,
Mohit Rathee,,,,,,,,,,,,,,,,PK,,RCB
Nehal Wadhera,,,,,,,,,,,,,,,,MI,MI,PK
Aiden Markram,,,,,,,,,,,,,,PK,SRH,SRH,SRH,LSG
Luke Pomersbach,PK,PK,,RCB,RCB,PK,,,,,,,,,,,,
KL Rahul,,,,,,RCB,SRH,SRH,RCB,,PK,PK,PK,PK,LSG,LSG,LSG,DC
Harpreet Brar,,,,,,,,,,,,PK,PK,PK,PK,PK,PK,PK
Parvinder Awana,,,,,PK,PK,PK,PK,,,,,,,,,,
Paras Dogra,,,RR,PK,PK,KKR,,,,,,,,,,,,
Shardul Thakur,,,,,,,PK,PK,PK,,CSK,CSK,CSK,CSK,DC,KKR,CSK,
James Faulkner,,,,,PK,RR,RR,RR,,,,,,,,,,
Shikhar Dhawan,DC,MI,MI,,,SRH,SRH,SRH,SRH,SRH,SRH,DC,DC,DC,PK,PK,PK,
Tanay Thyagarajann,,,,,,,,,,,,,,,,,PK,
Piyush Chawla,PK,PK,PK,PK,PK,PK,KKR,KKR,KKR,KKR,KKR,KKR,CSK,MI,,MI,MI,
Mandeep Singh,,,,PK,PK,PK,PK,RCB,RCB,RCB,RCB,PK,PK,PK,DC,KKR,,
Tanmay Srivastava,PK,PK,PK,,,,,,,,,,,,,,,
Riley Meredith,,,,,,,,,,,,,,PK,MI,MI,,
Jagadeesha Suchith,,,,,,,,MI,MI,MI,,DC,PK,SRH,SRH,,,
Barinder Sran,,,,,,,,RR,SRH,SRH,PK,MI,,,,,,
Xavier Bartlett,,,,,,,,,,,,,,,,,,PK
Utkarsh Singh,,,,,,,,,,,,,,PK,,,,
Shivam Sharma,,,,,,,PK,PK,,,,,,,,,,
Beuran Hendricks,,,,,,,PK,PK,,,,MI,,,,,,
Jonny Bairstow,,,,,,,,,,,,SRH,SRH,SRH,PK,PK,PK,
Manpreet Gony,CSK,CSK,CSK,,,PK,,,,,,,,,,,,
Pradeep Sahu,,,,,,,,RR,PK,PK,PK,,,,,,,
Prince Choudhary,,,,,,,,,,,,,,,,,PK,
T Natarajan,,,,,,,,,,PK,SRH,SRH,SRH,SRH,SRH,SRH,SRH,DC
Kuldeep Sen,,,,,,,,,,,,,,,RR,RR,RR,PK
Adam Gilchrist,,,,PK,PK,PK,,,,,,,,,,,,
Suryansh Shedge,,,,,,,,,,,,,,,,LSG,,PK
Nicholas Pooran,,,,,,,,,,MI,,PK,PK,PK,SRH,LSG,LSG,LSG
Irfan Pathan,PK,PK,PK,DC,DC,DC,SRH,CSK,,,,,,,,,,
Matt Henry,,,,,,,CSK,CSK,,PK,,,,,,,LSG,
Bipul Sharma,,,PK,PK,PK,PK,,SRH,SRH,SRH,SRH,,,,,,,
Virender Sehwag,DC,DC,DC,DC,DC,DC,PK,PK,,,,,,,,,,
Sam Curran,,,,,,,,,,,,PK,CSK,CSK,,PK,PK,CSK
Bhargav Bhatt,,,,PK,PK,PK,,,,,,,,,,,,
Musheer Khan,,,,,,,,,,,,,,,,,,PK
Ben Dwarshuis,,,,,,,,,,,PK,,,DC,,,,
Mujeeb Ur Rahman,,,,,,,,,,,PK,PK,PK,SRH,,,,MI
Tajinder Singh,,,,,,,,,,,MI,,PK,,,,,
Jitesh Sharma,,,,,,,,,MI,MI,,,,,PK,PK,PK,RCB
Sunny Singh,,,,PK,PK,PK,,,,,,,,,,,,
Aaron Hardie,,,,,,,,,,,,,,,,,,PK
Shalabh Srivastava,,,PK,PK,PK,,,,,,,,,,,,,
Swapnil Singh,MI,,,,,,,,PK,PK,,,,,,LSG,RCB,RCB
Glenn Maxwell,,,,,DC,MI,PK,PK,PK,PK,DC,,PK,RCB,RCB,RCB,RCB,PK
Ramesh Powar,PK,PK,PK,,PK,,,,,,,,,,,,,
Lakshmipathy Balaji,CSK,CSK,CSK,KKR,KKR,KKR,PK,,,,,,,,,,,
Ravi Bishnoi,,,,,,,,,,,,,PK,PK,LSG,LSG,LSG,LSG
Murali Kartik,KKR,KKR,KKR,,,RCB,PK,,,,,,,,,,,
Manan Vohra,,,,,,PK,PK,PK,PK,PK,RCB,RR,RR,RR,LSG,LSG,,
Sheldon Cottrell,,,,,,,,,,,,,PK,,,,,
Sunny Sohal,PK,PK,,,,RCB,,,,,,,,,,,,
Baltej Dhanda,,,,,,,,,,,,,,,PK,PK,,
Ankit Rajpoot,,,,,,CSK,,,KKR,KKR,PK,PK,RR,,LSG,,,
Bhanuka Rajapaksa,,,,,,,,,,,,,,,PK,PK,,
Cheteshwar Pujara,KKR,,KKR,RCB,RCB,RCB,PK,,,,,,,CSK,,,,
Vikramjeet Malik,,PK,PK,PK,PK,RR,RR,RR,RCB,,,,,,,,,
Darren Sammy,,,,,,SRH,SRH,RCB,,PK,,,,,,,,
Jalaj Saxena,,,,,,MI,MI,RCB,,,,DC,,PK,,,,
Prerak Mankad,,,,,,,,,,,,,,,PK,LSG,LSG,
Brett Lee,PK,PK,PK,KKR,KKR,KKR,,,,,,,,,,,,
Liam Livingstone,,,,,,,,,,,,RR,,RR,PK,PK,PK,RCB
Chris Jordan,,,,,,,,,RCB,SRH,SRH,,PK,PK,CSK,MI,,
Matthew William Short,,,,,,,,,,,,,,,,PK,,
Shivam singh,,,,,,,,,,,,,,,,PK,PK,
Rilee Rossouw,,,,RCB,RCB,,RCB,RCB,,,,,,,,DC,PK,
Adil Rashid,,,,,,,,,,,,,,PK,,SRH,,
Siddharth Chitnis,MI,RR,,PK,PK,PK,,,,,,,,,,,,
Nathan Rimmington,,,,PK,PK,,,,,,,,,,,,,
George Bailey,,CSK,CSK,CSK,CSK,,PK,PK,,,,,,,,,,
Nitin Saini,PK,,,PK,PK,PK,,,,,,,,,,,,
Krishnappa Gowtham,,,,,,,,,,MI,RR,RR,PK,CSK,LSG,LSG,LSG,
Manvinder Bisla,,,PK,KKR,KKR,KKR,KKR,RCB,,,,,,,,,,
Dawid Malan,,,,,,,,,,,,,,PK,,,,
Shreyas Iyer,,,,,,,,DC,DC,DC,DC,DC,DC,DC,KKR,KKR,KKR,PK
Pravin Dubey,,,,,,,,,RCB,RCB,,,DC,DC,DC,DC,DC,PK
Writtick Chatterjee,,,,,,,,,,,,,,,PK,,,
Ryan McLaren,,MI,MI,PK,,KKR,,,,,,,,,,,,
Marcus Stoinis,,,,,,,,DC,PK,PK,PK,RCB,DC,DC,LSG,LSG,LSG,PK
Prabhsimran Singh,,,,,,,,,,,,PK,PK,PK,PK,PK,PK,PK
Yuvraj Singh,PK,PK,PK,,,,RCB,DC,SRH,SRH,PK,MI,,,,,,
Yash Thakur,,,,,,,,,,,,,,,,LSG,LSG,PK
Saurabh Kumar,,,,,,,,,,,,,,PK,,,,
Harshal Patel,,,,,RCB,RCB,RCB,RCB,RCB,RCB,DC,DC,DC,RCB,RCB,RCB,PK,SRH
Shanthakumaran Sreesanth,PK,PK,PK,,RR,RR,,,,,,,,,,,,
Moises Henriques,,KKR,DC,MI,,RCB,SRH,SRH,SRH,SRH,,PK,,PK,,,,
Murali Vijay,,CSK,CSK,CSK,CSK,CSK,DC,PK,PK,,CSK,CSK,CSK,,,,,
Harmeet Singh Bansal,,,,,PK,PK,,,,,,,,,,,,
Hashim Amla,,,,,,,,,PK,PK,,,,,,,,
Ashutosh Sharma,,,,,,,,,,,,,,,,,PK,DC
Ansh Patel,,,,,,,,,,,,,,,PK,,,
Thisara Perera,,,CSK,,,SRH,PK,PK,,,,,,,,,,
Paul Valthaty,,,,PK,PK,PK,,,,,,,,,,,,
Michael Neser,,,,,,PK,,,,,,,,,,,,
Aaron Finch,,,RR,DC,DC,,SRH,MI,,,PK,,RCB,,KKR,,,
Rishi Dhawan,PK,,,,,MI,PK,PK,PK,KKR,,,,,PK,PK,PK,
Josh Inglis,,,,,,,,,,,,,,,,,,PK
Priyansh Arya,,,,,,,,,,,,,,,,,,PK
Benny Howell,,,,,,,,,,,,,,,PK,,,
Manoj Tiwary,DC,DC,KKR,KKR,KKR,KKR,DC,DC,,,PK,,,,,,,
Murugan Ashwin,,,,,,,,,,DC,RCB,PK,PK,PK,MI,RR,,
Farhaan Behardien,,,,,,,,,PK,,,,,,,,,
Harnoor Pannu,,,,,,,,,,,,,,,,,,PK
Rahul Chahar,,,,,,,,,,,MI,MI,MI,MI,PK,PK,PK,SRH
Nathan Ellis,,,,,,,,,,,,,,PK,PK,PK,PK,CSK
Kumar Sangakkara,PK,PK,PK,,,SRH,,,,,,,,,,,,
Ryan Harris,,,,PK,PK,PK,,,,,,,,,,,,
Abhishek Nayar,MI,MI,MI,PK,PK,,RR,RR,,,,,,,,,,
Anureet Singh,,KKR,,,,,PK,PK,PK,PK,RR,,,,,,,
Raj Angad Bawa,,,,,,,,,,,,,,,PK,PK,,MI
Andrew Tye,,,,,,,,CSK,,,PK,PK,RR,RR,LSG,,,
Mayank Agarwal,,,,RCB,RCB,RCB,DC,DC,DC,,PK,PK,PK,PK,PK,SRH,SRH,
Vyshak Vijaykumar,,,,,,,,,,,,,,,,RCB,RCB,PK
Axar Patel,,,,,,MI,PK,PK,PK,PK,PK,DC,DC,DC,DC,DC,DC,DC
Harpreet Bhatia,,,,,,,,,,,,,,,,PK,PK,
KC Cariappa,,,,,,,,KKR,PK,PK,,KKR,,RR,RR,RR,,
Chris Woakes,,,,,,,,,,KKR,RCB,,,DC,,,PK,
Mahela Jayawardene,PK,PK,PK,,DC,DC,,,,,,,,,,,,
Jhye Richardson,,,,,,,,,,,,,,PK,,MI,DC,
Ajit Agarkar,KKR,KKR,KKR,DC,DC,DC,,,,,,,,,,,,
Pat Cummins,,,,,,,KKR,KKR,,DC,,,KKR,KKR,KKR,,SRH,SRH
Sanju Samson,,,,,KKR,RR,RR,RR,DC,DC,RR,RR,RR,RR,RR,RR,RR,RR
Rahul Tripathi,,,,,,,,,,,RR,RR,KKR,KKR,SRH,SRH,SRH,CSK
Matthew Kelly,,,,,,,,,,,,KKR,,,,,,
Ramandeep Singh,,,,,,,,,,,,,,,MI,MI,KKR,KKR
Baba Indrajith,,,,,,,,,,,,,,,KKR,,,
John Hastings,,,,,,,CSK,,KKR,,,,,,,,,
Jaydev Unadkat,,,KKR,KKR,KKR,RCB,DC,DC,KKR,,RR,RR,RR,RR,MI,LSG,SRH,SRH
Harbhajan Singh,MI,MI,MI,MI,MI,MI,MI,MI,MI,MI,CSK,CSK,,KKR,,,,
Ali Khan,,,,,,,,,,,,,KKR,,,,,
Mohammad Nabi,,,,,,,,,,SRH,SRH,SRH,SRH,SRH,KKR,,MI,
Anukul Roy,,,,,,,,,,,MI,MI,MI,MI,KKR,KKR,KKR,KKR
Veer Pratap Singh,,,,,,SRH,KKR,KKR,,,,,,,,,,
Carlos Brathwaite,,,,,,,,,DC,DC,SRH,KKR,,,,,,
Shreevats Goswami,RCB,RCB,RCB,KKR,RR,RR,,,,,SRH,SRH,SRH,SRH,,,,
Iqbal Abdulla,KKR,,KKR,KKR,KKR,KKR,RR,RCB,RCB,RCB,,,,,,,,
Siddharth Kaul,KKR,,,,,DC,DC,SRH,SRH,SRH,SRH,SRH,SRH,SRH,RCB,RCB,,
Sayan Ghosh,,,,,,,,,,KKR,DC,,,,,,,
Shrikant Mundhe,,,,,,,,,,,,KKR,,,,,,
Yusuf Pathan,RR,RR,RR,KKR,KKR,KKR,KKR,KKR,KKR,KKR,SRH,SRH,,,,,,
Kuldeep Yadav,,,,,MI,,KKR,KKR,KKR,KKR,KKR,KKR,KKR,KKR,DC,DC,DC,DC
Ben Cutting,,,,,,,RR,RR,SRH,SRH,MI,MI,,KKR,,,,
Colin de Grandhomme,,,,,,,,,,KKR,RCB,RCB,,,,,,
Nathan Coulter-Nile,,,,,,MI,DC,DC,DC,KKR,,,MI,MI,RR,,,
Tom Banton,,,,,,,,,,,,,KKR,,,,,
Nitish Rana,,,,,,,,MI,MI,MI,KKR,KKR,KKR,KKR,KKR,KKR,KKR,RR
Aarya Desai,,,,,,,,,,,,,,,,KKR,,
Luvnith Sisodia,,,,,,,,,,,,,,,RCB,,,KKR
Sumit Narwal,,,RR,RR,RR,KKR,,KKR,,,,,,,,,,
Allah Ghazanfar,,,,,,,,,,,,,,,,,KKR,
Jacques Kallis,RCB,RCB,RCB,KKR,KKR,KKR,KKR,,,,,,,,,,,
Sam Billings,,,,,,,,,DC,DC,CSK,CSK,,DC,KKR,,,
Aakash Chopra,KKR,KKR,,RR,RR,,,,,,,,,,,,,
Brad Hogg,,,,,RR,RR,,KKR,KKR,,,,,,,,,
Javon Searles,,,,,,,,,,,KKR,,,,,,,
M Siddharth,,,,,,,,,,,,,KKR,DC,,,LSG,LSG
Ashok Dinda,KKR,KKR,KKR,DC,,,RCB,RCB,,,,,,,,,,
Johnson Charles,,,,,,,,,,,,,,,,KKR,,
Chamika Karunaratne,,,,,,,,,,,,,,,KKR,,,
Angkrish Raghuvanshi,,,,,,,,,,,,,,,,,KKR,KKR
Charl Langeveldt,,KKR,KKR,RCB,RCB,,,,,,,,,,,,,
R Sanjay Yadav,,,,,,,,,,KKR,,,,,,,,
Ajinkya Rahane,MI,MI,,RR,RR,RR,RR,RR,,,RR,RR,DC,DC,KKR,CSK,CSK,KKR
Brendon McCullum,KKR,KKR,KKR,,KKR,KKR,CSK,CSK,,,RCB,,,,,,,
James Pattinson,,,,KKR,KKR,KKR,,,,,,,MI,,,,,
Morne Morkel,RR,RR,RR,DC,DC,DC,KKR,KKR,KKR,,,,,,,,,
Chris Green,,,,,,,,,,,,,KKR,,,,,
Jason Holder,,,,,,CSK,SRH,,KKR,,,,SRH,SRH,LSG,RR,,
Harshit Rana,,,,,,,,,,,,,,,KKR,KKR,KKR,KKR
David Wiese,,,,,,,,RCB,RCB,,,,,,,KKR,,
Ishank Jaggi,,RCB,,,,,,,,KKR,KKR,,,,,,,
Shakib Al Hasan,,,,KKR,KKR,KKR,KKR,KKR,KKR,KKR,SRH,SRH,,KKR,,KKR,,
Ricky Ponting,KKR,,,,,MI,,,,,,,,,,,,
Vinay Kumar,RCB,,RCB,,RCB,RCB,KKR,MI,MI,MI,KKR,,,,,,,
Sunil Narine,,,,,KKR,KKR,KKR,KKR,KKR,KKR,KKR,KKR,KKR,KKR,KKR,KKR,KKR,KKR
Robin Uthappa,MI,,RCB,,,,KKR,KKR,KKR,KKR,KKR,KKR,RR,CSK,CSK,,,
Chris Lynn,,,,,,SRH,KKR,KKR,KKR,KKR,KKR,KKR,MI,MI,,,,
Angelo Mathews,,KKR,KKR,,,,,DC,,DC,,,,,,,,
Joe Denly,,,,,,,,,,,,KKR,,,,,,
Mayank Markande,,,,,,,,,,,MI,MI,RR,RR,MI,SRH,SRH,KKR
Brad Haddin,,,,KKR,KKR,KKR,,,,,,,,,,,,
Anrich Nortje,,,,,,,,,,,,,DC,DC,DC,DC,DC,KKR
Ajantha Mendis,KKR,KKR,KKR,,,,,,,,,,,,,,,
Andre Russell,,,,,DC,DC,KKR,KKR,KKR,,KKR,KKR,KKR,KKR,KKR,KKR,KKR,KKR
Harry Gurney,,,,,,,,,,,,KKR,,,,,,
Ashok Sharma,,,,,,,,,,,,,,,KKR,,,RR
Manish Pandey,MI,RCB,RCB,,,,KKR,KKR,KKR,KKR,SRH,SRH,SRH,SRH,LSG,DC,KKR,KKR
Rovman Powell,,,,,,,,,,KKR,,,,,DC,DC,RR,KKR
Johan Botha,,RR,RR,RR,RR,DC,,KKR,,,,,,,,,,
Quinton de Kock,,,,,,SRH,DC,DC,DC,,RCB,MI,MI,MI,LSG,LSG,LSG,KKR
Ramesh Kumar,,,,,,,,,,,,,,,KKR,,,
Marchant de Lange,,,,,KKR,,MI,MI,MI,,,,,,,,,
Umran Malik,,,,,,,,,,,,,,SRH,SRH,SRH,SRH,KKR
Debabrata Das,KKR,,,,KKR,KKR,KKR,,,,,,,,,,,
Chetan Sakariya,,,,,,,,,,,,,,RR,DC,DC,KKR,
Jason Roy,,,,,,,,,,,DC,,,SRH,,KKR,,
Sarabjit Ladda,,,DC,KKR,KKR,KKR,,,,,,,,,,,,
Litton Das,,,,,,,,,,,,,,,,KKR,,
Phil Salt,,,,,,,,,,,,,,,,DC,KKR,RCB
Kamlesh Nagarkoti,,,,,,,,,,,,,KKR,KKR,DC,DC,,CSK
Sachithra Senanayake,,,,,,KKR,,,,,,,,,,,,
Laxmi Ratan Shukla,KKR,KKR,KKR,KKR,KKR,KKR,DC,SRH,,,,,,,,,,
Tim Seifert,,,,,,,,,,,,,KKR,KKR,DC,,,
Moeen Ali,,,,,,,,,,,RCB,RCB,RCB,CSK,CSK,CSK,CSK,KKR
Aman Khan,,,,,,,,,,,,,,,KKR,DC,,
Prithvi Raj Yarra,,,,,,,,,,,,KKR,SRH,,,,,
Colin Munro,,,,,,,,MI,KKR,,DC,DC,,,,,,
Siddhesh Lad,,,,,,,,MI,MI,MI,MI,MI,KKR,,,,,
Rajat Bhatia,DC,DC,DC,KKR,KKR,KKR,RR,RR,,,,,,,,,,
Tom Curran,,,,,,,,,,,KKR,,RR,DC,,,RCB,
Sakib Hussain,,,,,,,,,,,,,,,,,KKR,
Trent Boult,,,,,,,,SRH,SRH,KKR,DC,DC,MI,MI,RR,RR,RR,MI
Rasikh Dar,,,,,,,,,,,,,,,KKR,,DC,RCB
Tim Southee,,,,CSK,,,RR,RR,MI,MI,RCB,RCB,,KKR,KKR,KKR,,
Pawan Negi,,,,,DC,DC,CSK,CSK,DC,RCB,RCB,RCB,RCB,KKR,,,,
Mitchell Starc,,,,,,,RCB,RCB,RCB,,,,,,,,KKR,DC
Owais Shah,,DC,KKR,,RR,RR,,,,,,,,,,,,
Ryan ten Doeschate,,,,KKR,KKR,KKR,KKR,KKR,,,,,,,,,,
Narayan Jagadeesan,,,,,,,,,,,CSK,CSK,CSK,CSK,CSK,KKR,,
Gautam Gambhir,DC,DC,DC,KKR,KKR,KKR,KKR,KKR,KKR,KKR,DC,,,,,,,
Shaun Tait,,RR,RR,RR,RR,RR,,,KKR,,,,,,,,,
Brad Hodge,KKR,KKR,KKR,,RR,RR,RR,,,,,,,,,,,
Suryakumar Yadav,,,,MI,MI,MI,KKR,KKR,KKR,KKR,MI,MI,MI,MI,MI,MI,MI,MI
Suyash Sharma,,,,,,,,,,,,,,,,KKR,KKR,RCB
Dushmantha Chameera,,,,,,,,,,,RR,,,RCB,LSG,,KKR,DC
Sourav Ganguly,KKR,KKR,KKR,,,,,,,,,,,,,,,
Venkatesh Iyer,,,,,,,,,,,,,,KKR,KKR,KKR,KKR,KKR
Sheldon Jackson,,,,,,RCB,,KKR,KKR,KKR,,,,KKR,KKR,,,
Pratham Singh,,,,,,,,,,,,,,,KKR,,,
Abhijeet Tomar,,,,,,,,,,,,,,,KKR,,,
Pravin Tambe,,,,,,RR,RR,RR,,SRH,,,,,,,,
Clint McKay,,,,MI,MI,SRH,,,,,,,,,,,,
Alex Hales,,,,,,,,MI,,,SRH,,,,,,,
Wanindu Hasaranga,,,,,,,,,,,,,,RCB,RCB,RCB,SRH,RR
Dwaraka Ravi Teja,,,,,,SRH,,,,,,,,,,,,
Aditya Tare,,,MI,MI,MI,MI,MI,MI,SRH,DC,MI,MI,MI,MI,,,,
Biplap Samantray,,,,,,SRH,,,,,,,,,,,,
Nathan McCullum,,,,,,SRH,,,,,,,,,,,,
Nitish Kumar Reddy,,,,,,,,,,,,,,,,SRH,SRH,SRH
David Warner,,DC,DC,DC,DC,DC,SRH,SRH,SRH,SRH,,SRH,SRH,SRH,DC,DC,DC,
Wiaan Mulder,,,,,,,,,,,,,,,,,,SRH
Sanvir Singh,,,,,,,,,,,,,,,,SRH,SRH,
SamarthÂ Vyas,,,,,,,,,,,,,,,,SRH,,
Ashish Nehra,MI,DC,DC,,,DC,CSK,CSK,SRH,SRH,,,,,,,,
Abhimanyu Mithun,,RCB,RCB,RCB,RCB,RCB,,MI,SRH,SRH,,,,,,,,
Shahbaz Ahmed,,,,,,,,,,,,,RCB,RCB,RCB,RCB,SRH,LSG
Tirumalasetti Suman,,,,MI,MI,,,,SRH,,,,,,,,,
Jhathavedh Subramanyan,,,,,,,,,,,,,,,,,SRH,
Amit Paunikar,,,RR,RR,RR,,SRH,,,,,,,,,,,
Billy Stanlake,,,,,,,,,,RCB,SRH,SRH,SRH,,,,,
Parthiv Patel,CSK,CSK,CSK,,,SRH,RCB,MI,MI,MI,RCB,RCB,RCB,,,,,
Travis Head,,,,,,,,DC,RCB,RCB,,,,,,,SRH,SRH
Karn Sharma,,,,,,SRH,SRH,SRH,SRH,MI,CSK,CSK,CSK,CSK,RCB,RCB,RCB,MI
Vijayakanth Viyaskanth,,,,,,,,,,,,,,,,,SRH,
Sean Abbott,,,,,,,,RCB,,,,,,,SRH,,,
Ishan Kishan,,,,,,,,,,,MI,MI,MI,MI,MI,MI,MI,SRH
Cameron White,RCB,,RCB,,,SRH,,,,,,,,,,,,
Ankit Sharma,,,,,,SRH,RR,RR,,,RR,,,,,,,
Virat Singh,,,,,,,,,,,,,SRH,SRH,,,,
Parveez Rasool,,,,,,,SRH,SRH,RCB,,,,,,,,,
JP Duminy,,MI,MI,,,SRH,DC,DC,DC,,MI,,,,,,,
Srikkanth Anirudha,CSK,,,CSK,CSK,CSK,SRH,,,,,,,,,,,
Abdul Samad,,,,,,,,,,,,,SRH,SRH,SRH,SRH,SRH,LSG
Aniket Varma,,,,,,,,,,,,,,,,,,SRH
Khaleel Ahmed,,,,,,,,,DC,DC,SRH,SRH,SRH,SRH,DC,DC,DC,CSK
Sudeep Tyagi,CSK,CSK,CSK,CSK,CSK,SRH,,,,,,,,,,,,
Anmolpreet Singh,,,,,,,,,,,,MI,MI,MI,MI,SRH,SRH,
Abhishek Sharma,,,,,,,,,,,DC,SRH,SRH,SRH,SRH,SRH,SRH,SRH
Bhuvneshwar Kumar,,RCB,RCB,,,,SRH,SRH,SRH,SRH,SRH,SRH,SRH,SRH,SRH,SRH,SRH,RCB
Ben Laughlin,,,,,,CSK,,,,SRH,RR,,,,,,,
Romario Shepherd,,,,,,,,,,,,,,,SRH,LSG,MI,RCB
Akeal Hosein,,,,,,,,,,,,,,,,SRH,,
Mustafizur Rahman,,,,,,,,,SRH,SRH,MI,,,RR,DC,DC,CSK,
Zeeshan Ansari,,,,,,,,,,,,,,,,,,SRH
Naman Ojha,,RR,RR,DC,DC,DC,SRH,SRH,SRH,SRH,DC,,,,,,,
Hanuma Vihari,,,,,,SRH,,SRH,,,,DC,,,,,,
Simarjeet Singh,,,,,,,,,,,,,,MI,CSK,CSK,CSK,SRH
Akshath Reddy,,,,,,SRH,,,,,,,,,,,,
Shushant Mishra,,,,,,,,,,,,,,,SRH,,,
Eshan Malinga,,,,,,,,,,,,,,,,,,SRH
Kevin Pietersen,,,RCB,,DC,DC,DC,SRH,,,,,,,,,,
Priyam Garg,,,,,,,,,,,,,SRH,SRH,SRH,DC,,
Fazalhaq Farooqi,,,,,,,,,,,,,,,SRH,SRH,SRH,RR
Upendra Singh Yadav,,,,,,,,,,,,,,,,SRH,SRH,
Venugopal Rao,,,,DC,DC,DC,SRH,,,,,,,,,,,
Shahbaz Nadeem,,,,DC,DC,DC,DC,DC,DC,DC,DC,SRH,SRH,SRH,LSG,,,
Sandeep Bavanaka,,,,,,,,,,,,,SRH,,,,,
Sanjay Yadav,,,,,,,,,,,,,SRH,,MI,,,
Harry Brook,,,,,,,,,,,,,,,,SRH,DC,DC
Manpreet Juneja,,,,,DC,DC,SRH,,,,,,,,,,,
Anand Rajan,,,,,,SRH,,,,,,,,,,,,
Vivrant Sharma,,,,,,,,,,,,,,,,SRH,,
Adam Zampa,,,,,,,,,,,,,RCB,RCB,,RR,,SRH
Thalaivan Sargunam,,,,,,SRH,,,,,,,,,,,,
Eklavya Dwivedi,,,,,,,,CSK,,SRH,,,,,,,,
Ricky Bhui,,,,,,,SRH,SRH,SRH,SRH,SRH,SRH,,,,,DC,
Shreyas Gopal,,,,,,,MI,MI,MI,MI,RR,RR,RR,RR,SRH,,MI,CSK
Ashish Reddy,,,,,,SRH,SRH,SRH,SRH,,,,,,,,,
Chama Milind,,,,,,,SRH,SRH,DC,,,,,,RCB,,,
Heinrich Klaasen,,,,,,,,,,,RR,RCB,,,,SRH,SRH,SRH
Sachin Rana,,,,,,SRH,RCB,,,,,,,,,,,
Akash Singh,,,,,,,,,,,,,RR,RR,,CSK,SRH,LSG
Kamindu Mendis,,,,,,,,,,,,,,,,,,SRH
Basil Thampi,,,,,,,,,,,SRH,SRH,SRH,SRH,MI,,,
Kedar Jadhav,,RCB,DC,,,DC,DC,DC,RCB,RCB,CSK,CSK,CSK,SRH,,RCB,,
Amit Mishra,DC,DC,DC,,,SRH,SRH,DC,DC,DC,DC,DC,DC,DC,,LSG,LSG,
Mitchell Marsh,,,,,,,,,,,,,SRH,,DC,DC,DC,LSG
Sachin Baby,,,,,,RR,,,RCB,RCB,SRH,,,RCB,,,,SRH
Dale Steyn,RCB,,RCB,,,SRH,SRH,SRH,,,,RCB,RCB,,,,,
Akash Deep,,,,,,,,,,,,,,RCB,RCB,RCB,RCB,LSG
Mark Wood,,,,,,,,,,,CSK,,,,,LSG,,
David Willey,,,,,,,,,,,CSK,CSK,,,RCB,RCB,LSG,
Aryan Juyal,,,,,,,,,,,,,,,MI,,,LSG
Ayush Badoni,,,,,,,,,,,,,,,LSG,LSG,LSG,LSG
Arpit Guleria,,,,,,,,,,,,,,,,LSG,,
Krunal Pandya,,,,,,,,,MI,MI,MI,MI,MI,MI,LSG,LSG,LSG,RCB
Himmat Singh,,,,,,,,,,,,RCB,,,,,,LSG
Rishabh Pant,,,,,,,,,DC,DC,DC,DC,DC,DC,DC,DC,DC,LSG
Prince Yadav,,,,,,,,,,,,,,,,,,LSG
Mohsin Khan,,,,,,,,,,,MI,,MI,MI,LSG,LSG,LSG,LSG
Yuvraj Chaudhary,,,,,,,,,,,,,,,,,,LSG
Evin Lewis,,,,,,,,,,,MI,MI,,RR,LSG,,,
Mayank Yadav,,,,,,,,,,,,,,,LSG,LSG,LSG,LSG
Naveen Ul Haq,,,,,,,,,,,,,,,,LSG,LSG,
Rajvardhan Hangargekar,,,,,,,,,,,,,,,CSK,CSK,CSK,LSG
Shamar Joseph,,,,,,,,,,,,,,,,,LSG,LSG
Yudhvir Singh,,,,,,,,,,,,,,MI,,LSG,LSG,RR
Karan Sharma,,,,,,,,,,,,,,,LSG,LSG,,
Ashton Turner,,,,,,,,,,,,RR,,,,,LSG,
Kyle Mayers,,,,,,,,,,,,,,,LSG,LSG,LSG,
Arshin Kulkarni,,,,,,,,,,,,,,,,,LSG,LSG
Matthew Breetzke,,,,,,,,,,,,,,,,,,LSG
Digvesh Singh,,,,,,,,,,,,,,,,,,LSG
Avesh Khan,,,,,,,,,,RCB,DC,DC,DC,DC,LSG,LSG,RR,LSG
Daniel Sams,,,,,,,,,,,,,DC,RCB,MI,LSG,,
Devdutt Padikkal,,,,,,,,,,,,RCB,RCB,RCB,RR,RR,LSG,RCB
Manoj Bhandage,,,,,,,,,,,,,,,,RCB,RCB,RCB
Tanmay Mishra,,,,,,,RCB,,,,,,,,,,,
Ross Taylor,RCB,,RCB,RR,,,DC,,,,,,,,,,,
Nic Maddinson,,,,,,,RCB,RCB,,,,,,,,,,
Shimron Hetmyer,,,,,,,,,,,,RCB,DC,DC,RR,RR,RR,RR
Lungi Ngidi,,,,,,,,,,,CSK,,CSK,CSK,DC,DC,,RCB
Vijay Zol,,,,,RCB,,RCB,RCB,,,,,,,,,,
Michael Bracewell,,,,,,,,,,,,,,,,RCB,,
Zaheer Khan,RCB,MI,MI,RCB,RCB,,MI,DC,DC,DC,,,,,,,,
Bharat Chipli,RCB,RCB,,,,DC,,,,,,,,,,,,
Shane Watson,RR,,RR,RR,RR,RR,RR,RR,RCB,RCB,CSK,CSK,CSK,,,,,
AB de Villiers,DC,DC,DC,RCB,RCB,RCB,RCB,RCB,RCB,RCB,RCB,RCB,RCB,RCB,,,,
Daniel Vettori,DC,DC,DC,RCB,RCB,RCB,,,,,,,,,,,,
Saurav Chuahan,,,,,,,,,,,,,,,,,RCB,
Andrew McDonald,,DC,DC,DC,RCB,RCB,,,,,,,,,,,,
Finn Allen,,,,,,,,,,,,,,RCB,RCB,RCB,,
RP Singh,,,,,MI,RCB,,,,,,,,,,,,
Avinash Singh,,,,,,,,,,,,,,,,RCB,,
Swastik Chikara,,,,,,,,,,,,,,,,,DC,RCB
Abu Nechim,,,MI,MI,MI,MI,RCB,RCB,RCB,,,,,,,,,
Sreenath Aravind,,RCB,,RCB,RCB,,,RCB,RCB,RCB,,,,,,,,
Sonu Yadav,,,,,,,,,,,,,,,,RCB,,
Jason Behrendorff,,,,,,,,,,,,MI,,,RCB,MI,,
Dirk Nannes,,DC,DC,RCB,RCB,CSK,,,,,,,,,,,,
Rajat Patidar,,,,,,,,,,,,,,RCB,RCB,RCB,RCB,RCB
Jacob Bethell,,,,,,,,,,,,,,,,,,RCB
Wayne Parnell,,,DC,,,,DC,,,,,,,,,RCB,,
Reece Topley,,,,,,,,,,,,,,,,RCB,RCB,MI
Shivam Dube,,,,,,,,,,,,RCB,RCB,RR,CSK,CSK,CSK,CSK
Chidhambaram Gautam,,RCB,,RCB,RCB,DC,MI,DC,,,,,,,,,,
Ravi Rampaul,,,,,,RCB,RCB,,,,,,,,,,,
Chris Morris,,,,,,CSK,,RR,DC,DC,DC,DC,RCB,RR,,,,
Faf du Plessis,,,,CSK,CSK,CSK,CSK,CSK,,,CSK,CSK,CSK,CSK,RCB,RCB,RCB,DC
Tillakaratne Dilshan,DC,DC,DC,RCB,,RCB,,,,,,,,,,,,
Virat Kohli,RCB,RCB,RCB,RCB,RCB,RCB,RCB,RCB,RCB,RCB,RCB,RCB,RCB,RCB,RCB,RCB,RCB,RCB
Corey Anderson,,,,,,,MI,MI,MI,DC,RCB,,,,,,,
Pavan Deshpande,,,,,,,,,,,RCB,,RCB,RCB,,,,
Syed Mohammad,,,,RCB,RCB,RCB,,,,,,,,,,,,
Navdeep Saini,,,,,,,,,,DC,RCB,RCB,RCB,RCB,RR,RR,RR,
Stuart Binny,,,MI,RR,RR,RR,RR,RR,RCB,RCB,RR,RR,,,,,,
Raju Bhatkal,,RCB,,RCB,RCB,,,,,,,,,,,,,
Subramaniam Badrinath,CSK,CSK,CSK,CSK,CSK,CSK,,RCB,,,,,,,,,,
Mohammed Azharuddeen,,,,,,,,,,,,,,RCB,,,,
Josh Philippe,,,,,,,,,,,,,RCB,,,,,
Nuwan Thushara,,,,,,,,,,,,,,,,,MI,RCB
Himanshu Sharma,,,,,,,,,,,,,,,,RCB,RCB,
Cameron Green,,,,,,,,,,,,,,,,MI,RCB,
Arun Karthik,CSK,CSK,CSK,RCB,RCB,RCB,,,,,,,,,,,,
Roelof van der Merwe,,,RCB,DC,,DC,,,,,,,,,,,,
Scott Kuggeleijn,,,,,,,,,,,,CSK,,RCB,,,,
Samuel Badree,,,,,,RR,CSK,CSK,RCB,RCB,,,,,,,,
George Garton,,,,,,,,,,,,,,RCB,,,,
Yogesh Takawale,MI,MI,,,,,RCB,RCB,,,,,,,,,,
Harpreet Singh,,,,,,,,,,RCB,,,,,,,,
KP Appanna,RCB,RCB,RCB,,RCB,RCB,,,,,,,,,,,,
Saurabh Tiwary,MI,MI,MI,RCB,RCB,RCB,DC,DC,,MI,MI,,MI,MI,,,,
Aneeshwar Gautam,,,,,,,,,,,,,,,RCB,,,
Asad Pathan,,,,RCB,RCB,,,,,,,,,,,,,
Isuru Udana,,,,,,,,,,,,,RCB,,,,,
Abhinav Mukund,CSK,,,CSK,CSK,RCB,,,,,,,,,,,,
Steve Smith,,,RCB,,,,RR,RR,,,,RR,RR,DC,,,,
Tim David,,,,,,,,,,,,,,RCB,MI,MI,MI,RCB
Muttiah Muralitharan,CSK,CSK,CSK,,RCB,RCB,RCB,,,,,,,,,,,
Prayas Ray Barman,,,,,,,,,,,,RCB,,,,,,
Suyash S Prabhudessai,,,,,,,,,,,,,,RCB,RCB,RCB,RCB,
Adam Milne,,,,,,,,RCB,RCB,RCB,MI,,,MI,CSK,,,
Tabraiz Shamsi,,,,,,,,,RCB,RCB,,,,RR,,,,
Shadab Jakati,CSK,CSK,CSK,CSK,CSK,CSK,RCB,,,,,,,,,,,
Josh Hazlewood,,,,,,,MI,MI,,,,,CSK,CSK,RCB,RCB,,RCB
Tymal Mills,,,,,,,,,,RCB,,,,,MI,,,
Dan Christian,,,,,,RCB,,,,,DC,,,RCB,,,,
Rajan Kumar,,,,,,,,,,,,,,,,RCB,RCB,
Abrar Kazi,,,,RCB,RCB,,,,,,,,,,,,,
Albie Morkel,CSK,CSK,CSK,CSK,CSK,CSK,RCB,DC,,,,,,,,,,
Kyle Jamieson,,,,,,,,,,,,,,RCB,,CSK,,
Abhinandan Singh,,,,,,,,,,,,,,,,,,RCB
Milind Kumar,,,,,,,DC,,,,,RCB,,,,,,
Will Jacks,,,,,,,,,,,,,,,,RCB,RCB,MI
Pankaj Singh,RR,RCB,RCB,RR,RR,RCB,,,,,,,,,,,,
Rahul Dravid,RCB,RCB,RCB,RR,RR,RR,,,,,,,,,,,,
Kane Richardson,,,,,,,RR,RR,RCB,,,,,RCB,,,,
KM Asif,,,,,,,,,,,CSK,CSK,CSK,CSK,CSK,RR,,
Raiphi Gomez,,RR,,,,,,,,,,,,,,,,
Unmukt Chand,,,,DC,DC,DC,RR,MI,MI,,,,,,,,,
Sudhesan Midhun,,,,,,,,,,,RR,RR,,,,,,
Ravindra Jadeja,RR,RR,,,CSK,CSK,CSK,CSK,,,CSK,CSK,CSK,CSK,CSK,CSK,CSK,CSK
Nandre Burger,,,,,,,,,,,,,,,,,RR,
Riyan Parag,,,,,,,,,,,,RR,RR,RR,RR,RR,RR,RR
Aryaman Birla,,,,,,,,,,,RR,RR,,,,,,
Akash Madhwal,,,,,,,,,,,,,,,MI,MI,MI,RR
Tanush Kotian,,,,,,,,,,,,,,,,,RR,
Amit Singh,,RR,RR,RR,RR,,,,,,,,,,,,,
Shubham Ranjane,,,,,,,,,,,,RR,,,,,,
Donovan Ferreira,,,,,,,,,,,,,,,,RR,RR,DC
Anunay Singh,,,,,,,,,,,,,,,RR,,,
Oshane Thomas,,,,,,,,,,,,RR,RR,RR,,,,
Abhishek Jhunjhunwala,,,RR,,,,,,,,,,,,,,,
Shrikant Wagh,,,RR,,,,,,,,,,,,,,,
Abdul P A,,,,,,,,,,,,,,,,RR,,
Ashok Menaria,,,,RR,RR,RR,,,,,,,,,,,,
Mahesh Rawat,RR,RR,,,,,,,,,,,,,,,,
Abid Mushtaq,,,,,,,,,,,,,,,,,RR,
Corbin Bosch,,,,,,,,,,,,,,,RR,,,MI
Rassie Van Der Dussen,,,,,,,,,,,,,,,RR,,,
Kuldip Yadav,,,,,,,,,,,,,,RR,RR,RR,,
Anirudha Joshi,,,,,,,,,,,,,RR,,,,,
Ankush Bains,,,,,,,RR,CSK,,,,DC,,,,,,
Dishant Yagnik,,,,RR,RR,RR,RR,RR,,,,,,,,,,
Yashasvi Jaiswal,,,,,,,,,,,,,RR,RR,RR,RR,RR,RR
Paul Collingwood,,DC,DC,RR,RR,,,,,,,,,,,,,
Maheesh Theekshana,,,,,,,,,,,,,,,CSK,CSK,CSK,RR
Aditya Dole,,,RR,RR,RR,,,,,,,,,,,,,
Ajit Chandila,,,,DC,RR,RR,,,,,,,,,,,,
Dinesh Salunkhe,RR,,,RR,,,,RR,,,,,,,,,,
Kumar Kartikeya,,,,,,,,,,,,,,,MI,MI,MI,RR
Kamran Khan,,RR,RR,,,,,,,,,,,,,,,
Jofra Archer,,,,,,,,,,,RR,RR,RR,RR,MI,MI,,RR
Munaf Patel,RR,RR,RR,MI,MI,MI,,,,,,,,,,,,
Shubham Garhwal,,,,,,,,,,,,,,,RR,,,
Ankeet Chavan,MI,,,RR,RR,RR,,,,,,,,,,,,
Siddharth Trivedi,RR,RR,RR,RR,RR,RR,,,,,,,,,,,,
Rahul Shukla,,,MI,,MI,RR,DC,,,,,,,,,,,
Ish Sodhi,,,,,,,,,,,RR,RR,,,,,,
Joe Root,,,,,,,,,,,,,,,,RR,,
Graeme Smith,RR,RR,RR,,,,,,,,,,,,,,,
Obed McCoy,,,,,,,,,,,,,,,RR,RR,,
Kushal Janith Perera,,,,,,RR,,,,,,,,,,,,
Akash Vashisht,,,,,,,,,,,,,,,,RR,,
Keshav Maharaj,,,,,,,,,,,,,,,,,RR,
Jacob Oram,CSK,CSK,CSK,RR,,MI,,,,,,,,,,,,
Dhawal Kulkarni,MI,MI,MI,MI,MI,MI,RR,RR,,,RR,RR,MI,MI,,,,
Dhruv Jurel,,,,,,,,,,,,,,,RR,RR,RR,RR
Faiz Fazal,,,RR,RR,RR,,,,,,,,,,,,,
Shubham Dubey,,,,,,,,,,,,,,,,,RR,RR
Abhishek Raut,,RR,RR,RR,RR,,,,,,,,,,,,,
Kevon Cooper,,,,,RR,RR,RR,,,,,,,,,,,
Ben Stokes,,,,,,,,,,,RR,RR,RR,RR,,CSK,,
Kunal Rathore,,,,,,,,,,,,,,,,RR,RR,RR
Daryl Mitchell,,,,,,,,,,,,,,,RR,,CSK,
Tejas Baroka,,,,,,,,,,,,,,,RR,,,
Vaibhav Suryavanshi,,,,,,,,,,,,,,,,,,RR
Kwena Maphaka,,,,,,,,,,,,,,,,,MI,RR
Tushar Deshpande,,,,,,,,,,,,,DC,,CSK,CSK,CSK,RR
Prashant Chopra,,,,,,,,,,,RR,RR,,,,,,
Tom Kohler-Cadmore,,,,,,,,,,,,,,,,,RR,
Gajendra Singh,RR,RR,,,,,,,,,,,,,,,,
Deepak Chahar,,,,RR,RR,,,,,,CSK,CSK,CSK,CSK,CSK,CSK,CSK,MI
Harmeet Singh,,,,,,RR,,,,,,,,,,,,
Mukesh Kumar,,,,,,,,,,,,,,,,DC,DC,DC
Yogesh Nagar,DC,DC,,DC,DC,DC,,,,,,,,,,,,
Colin Ingram,,,,DC,,,,,,,,DC,,,,,,
Doug Bracewell,,,,,DC,,,,,,,,,,,,,
Alex Carey,,,,,,,,,,,,,DC,,,,,
Domnic Joseph,,,,,,,,DC,,,,,,,,,,
Bandaru Ayyappa,,,,,,,,,,,,DC,,,,,,
Ben Hilfenhaus,,,,CSK,CSK,CSK,CSK,MI,,DC,,,,,,,,
Yash Dhull,,,,,,,,,,,,,,,DC,DC,DC,
Yo Mahesh,DC,DC,DC,CSK,CSK,,,,,,,,,,,,,
Lalit Yadav,,,,,,,,,,,,,DC,DC,DC,DC,DC,
Lukman Meriwala,,,,,,,,,,,,,,DC,,,,
Sumit Kumar,,,,,,,,,,,,,,,,,DC,
Tripurana Vijay,,,,,,,,,,,,,,,,,,DC
Pawan Suyal,,,,MI,MI,MI,MI,MI,DC,,,,,,,,,
Aavishkar Salvi,,DC,DC,DC,DC,,,,,,,,,,,,,
Marlon Samuels,,,,,,,,,,DC,,,,,,,,
Mithun Manhas,DC,DC,DC,,,,CSK,CSK,,,,,,,,,,
Madhav Tiwari,,,,,,,,,,,,,,,,,,DC
Sameer Rizvi,,,,,,,,,,,,,,,,,CSK,DC
Jeevan Mendis,,,,,,DC,,,,,,,,,,,,
Abishek Porel,,,,,,,,,,,,,,,,DC,DC,DC
Ripal Patel,,,,,,,,,,,,,,DC,DC,DC,,
Vicky Ostwal,,,,,,,,,,,,,,,DC,DC,DC,
Rahul Sharma,,,,,,,DC,CSK,,,,,,,,,,
Sunny Gupta,,,,,DC,,,,,,,,,,,,,
Gurinder Sandhu,,,,,,,,DC,,,,,,,,,,
Manjot Kalra,,,,,,,,,,,DC,DC,,,,,,
Jake Fraser-McGurk,,,,,,,,,,,,,,,,,DC,DC
Keemo Paul,,,,,,,,,,,,DC,DC,,,,,
Ajay Mandal,,,,,,,,,,,,,,,,CSK,CSK,DC
Vipraj Nigam,,,,,,,,,,,,,,,,,,DC
Manvanth Kumar,,,,,,,,,,,,,,,,,,DC
Imran Tahir,,,,,,,DC,DC,DC,,CSK,CSK,CSK,CSK,,,,
Gulbadin Naib,,,,,,,,,,,,,,,,,DC,
Nathu Singh,,,,,,,,,MI,,,DC,,,,,,
Lizaad Williams,,,,,,,,,,,,,,,,,DC,
Sandeep Lamichhane,,,,,,,,,,,DC,DC,DC,,,,,
Shai Hope,,,,,,,,,,,,,,,,,DC,
Tristan Stubbs,,,,,,,,,,,,,,,MI,MI,DC,DC
Prithvi Shaw,,,,,,,,,,,DC,DC,DC,DC,DC,DC,DC,
Jasprit Bumrah,,,,,,MI,MI,MI,MI,MI,MI,MI,MI,MI,MI,MI,MI,MI
Arjun Tendulkar,,,,,,,,,,,,,,MI,MI,MI,MI,MI
Anshul Kamboj,,,,,,,,,,,,,,,,,MI,CSK
James Franklin,,,,MI,MI,MI,,,,,,,,,,,,
Duan Jansen,,,,,,,,,,,,,,,,MI,,
Ambati Rayudu,,,MI,MI,MI,MI,MI,MI,MI,MI,CSK,CSK,CSK,CSK,CSK,CSK,,
Harvik Desai,,,,,,,,,,,,,,,,,MI,
Raghav Goyal,,,,,,,,,,,,,,,,MI,,
Akila Dananjaya,,,,,,CSK,,,,,MI,,,,,,,
Ashwani Kumar,,,,,,,,,,,,,,,,,,MI
Tilak Varma,,,,,,,,,,,,,,,MI,MI,MI,MI
Bevon Jacobs,,,,,,,,,,,,,,,,,,MI
Pragyan Ojha,,,,,MI,MI,,MI,,,,,,,,,,
Pankaj Jaswal,,,,,,,,,,,,MI,,,,,,
Mitchell Santner,,,,,,,,,,,CSK,CSK,CSK,CSK,CSK,CSK,CSK,MI
Ben Dunk,,,,,,,MI,,,,,,,,,,,
Krishmar Santokie,,,,,,,MI,,,,,,,,,,,
Lendl Simmons,,,,,,,MI,MI,MI,MI,,,,,,,,
Michael Hussey,CSK,,CSK,CSK,CSK,CSK,MI,CSK,,,,,,,,,,
Dilshan Madushanka,,,,,,,,,,,,,,,,,MI,
Dwayne Smith,MI,,,,MI,MI,CSK,CSK,,,,,,,,,,
Naman Dhir,,,,,,,,,,,,,,,,,MI,MI
Digvijay Deshmukh,,,,,,,,,,,,,MI,,,,,
Satyanarayana Raju,,,,,,,,,,,,,,,,,,MI
Robin Minz,,,,,,,,,,,,,,,,,,MI
Dewald Brevis,,,,,,,,,,,,,,,MI,MI,MI,
Rohit Sharma,,,,MI,MI,MI,MI,MI,MI,MI,MI,MI,MI,MI,MI,MI,MI,MI
Ali Murtaza,,,MI,MI,,,,,,,,,,,,,,
Rasikh Salam,,,,,,,,,,,,MI,,,,,,
Ryan Rickelton,,,,,,,,,,,,,,,,,,MI
Prince Balwant Rai Singh,,,,,,,,,,,,,MI,,,,,
Dwayne Bravo,MI,MI,MI,CSK,CSK,CSK,CSK,CSK,,,CSK,CSK,CSK,CSK,CSK,,,
Shrijith Krishnan,,,,,,,,,,,,,,,,,,MI
Shams Mulani,,,,,,,,,,,,,,,,MI,MI,
Shivalik Sharma,,,,,,,,,,,,,,,,,MI,
Vignesh Puthur,,,,,,,,,,,,,,,,,,MI
Lasith Malinga,MI,MI,MI,MI,MI,MI,MI,MI,MI,MI,,MI,,,,,,
Hrithik Shokeen,,,,,,,,,,,,,,,MI,MI,,
Luke Wood,,,,,,,,,,,,,,,,,MI,
Davy Jacobs,,,,MI,MI,,,,,,,,,,,,,
Roosh Kalaria,,,,,,,,,,,,,,MI,,,,
Kieron Pollard,,,MI,MI,MI,MI,MI,MI,MI,MI,MI,MI,MI,MI,MI,,,
Sachin Tendulkar,MI,MI,MI,MI,MI,MI,,,,,,,,,,,,
Aiden Blizzard,,,,MI,MI,MI,,MI,,,,,,,,,,
Mitchell McClenaghan,,,,,,,,MI,MI,MI,MI,MI,MI,,,,,
Herschelle Gibbs,,,,,MI,,,,,,,,,,,,,
Rachin Ravindra,,,,,,,,,,,,,,,,,CSK,CSK
Dhruv Shorey,,,,,,,,,,,CSK,CSK,,,,,,
Suraj Randiv,,,,CSK,CSK,,,,,,,,,,,,,
Ishwar Pandey,,,,,,,CSK,CSK,,,,,,,,,,
Chaitanya Bishnoi,,,,,,,,,,,CSK,CSK,,,,,,
Nuwan Kulasekara,,,,CSK,CSK,CSK,,,,,,,,,,,,
Doug Bollinger,,,CSK,CSK,CSK,,,,,,,,,,,,,
Sisanda Magala,,,,,,,,,,,,,,,,CSK,,
M Harishankar Reddy,,,,,,,,,,,,,,CSK,,,,
Subhranshu Senapati,,,,,,,,,,,,,,,CSK,CSK,,
Monu Kumar,,,,,,,,,,,CSK,CSK,CSK,,,,,
Mukesh Choudhary,,,,,,,,,,,,,,,CSK,CSK,CSK,CSK
Ronit More,,,,,,CSK,CSK,CSK,,,,,,,,,,
Devon Conway,,,,,,,,,,,,,,,CSK,CSK,CSK,CSK
Prashant Solanki,,,,,,,,,,,,,,,CSK,CSK,CSK,
Scott Styris,,,,CSK,CSK,,,,,,,,,,,,,
Gurjapneet Singh,,,,,,,,,,,,,,,,,,CSK
K Bhagath Varma,,,,,,,,,,,,,,CSK,CSK,CSK,,
Andre Siddharth,,,,,,,,,,,,,,,,,,CSK
Suresh Raina,CSK,CSK,CSK,CSK,CSK,CSK,CSK,CSK,,,CSK,CSK,,CSK,,,,
C Hari Nishaanth,,,,,,,,,,,,,,CSK,CSK,,,
Ramakrishna Ghosh,,,,,,,,,,,,,,,,,,CSK
Vansh Bedi,,,,,,,,,,,,,,,,,,CSK
Jamie Overton,,,,,,,,,,,,,,,,,,CSK
Ruturaj Gaikwad,,,,,,,,,,,,CSK,CSK,CSK,CSK,CSK,CSK,CSK
MS Dhoni,CSK,CSK,CSK,CSK,CSK,CSK,CSK,CSK,,,CSK,CSK,CSK,CSK,CSK,CSK,CSK,CSK
Shaik Rasheed,,,,,,,,,,,,,,,,CSK,CSK,CSK
Joginder Sharma,CSK,CSK,CSK,CSK,CSK,,,,,,,,,,,,,
Richard Gleeson,,,,,,,,,,,,,,,,,CSK,
Matheesha Pathirana,,,,,,,,,,,,,,,CSK,CSK,CSK,CSK
Dwaine Pretorius,,,,,,,,,,,,,,,CSK,CSK,,
Avanish Rao Aravelly,,,,,,,,,,,,,,,,,CSK,
